﻿<log4net>
	<appender name="ServiceAppender" type="log4net.Appender.RollingFileAppender">
		<lockingModel type="log4net.Appender.FileAppender+MinimalLock"/>
		<file value="./Log/" />
		<encoding value="utf-8" />
		<appendToFile value="true" />
		<datePattern value="yyyy-MM-dd'_Service.log'" />
		<staticLogFileName value="false" />
		<rollingStyle value="Date" />
		<layout type="log4net.Layout.PatternLayout">
			<conversionPattern value="%p %d %m%n" />
		</layout>
	</appender>
	<logger name="Service">
		<level value="ALL" />
		<appender-ref ref="ServiceAppender" />
	</logger>

	<root>
		<level value="ALL" />
	</root>
</log4net>
