[
	{"Id": 1,"Name": "Thorus","Race": "Dwarf","Class": "Fighter","AC": 15,"HP": 7,"Movement": 30,"Level": 1,"XP": 0,"Money": 700},
	{"Id": 2,"Name": "Apoqulis","Race": "Human","Class": "Cleric","AC": 15,"HP": 6,"Movement": 20,"Level": 1,"XP": 0,"Money": 800},
	{"Id": 3,"Name": "Barthal","Race": "Halfling","Class": "Thief","AC": 14,"HP": 4,"Movement": 30,"Level": 1,"XP": 0,"Money": 100},
	{"Id": 4,"Name": "Lucas","Race": "Human","Class": "Magic_User","AC": 11,"HP": 4,"Movement": 40,"Level": 1,"XP": 0,"Money": 7300}
]